Ім'я,Прізвище
Наталія,Ковальчук
Олександр,Шевченко
Анна,Кравченко
Олександр,Сидоренко
Іван,Лисенко
Ірина,Лисенко
Олександр,Кравченко
Олександр,Лисенко
Наталія,Ткаченко
Наталія,Ковальчук
Дмитро,Сидоренко
Олександр,Сидоренко
Олена,Мельник
Ірина,Шевченко
Анна,Ткаченко
Марія,Бондаренко
Сергій,Ткаченко
Ірина,Ковальчук
Іван,Попов
Наталія,Ткаченко
Марія,Мельник
Дмитро,Бондаренко
Марія,Мельник
Сергій,Лисенко
Іван,Сидоренко
Андрій,Захарченко
Сергій,Мельник
Олена,Ковальчук
Наталія,Попов
Сергій,Шевченко
Сергій,Сидоренко
Олександр,Бондаренко
Анна,Лисенко
Анна,Захарченко
Наталія,Сидоренко
Ірина,Захарченко
Андрій,Захарченко
Андрій,Захарченко
Ірина,Кравченко
Андрій,Мельник
Олександр,Сидоренко
Марія,Лисенко
Марія,Ткаченко
Дмитро,Бондаренко
Іван,Ковальчук
Марія,Кравченко
Іван,Шевченко
Анна,Мельник
Іван,Шевченко
Олена,Ковальчук
Дмитро,Ковальчук
Марія,Кравченко
Сергій,Лисенко
Марія,Мельник
Ірина,Попов
Анна,Лисенко
Наталія,Бондаренко
Ірина,Попов
Марія,Сидоренко
Дмитро,Кравченко
Іван,Мельник
Іван,Бондаренко
Олена,Кравченко
Ірина,Кравченко
Марія,Сидоренко
Іван,Мельник
Іван,Бондаренко
Наталія,Сидоренко
Олександр,Шевченко
Олександр,Ткаченко
Андрій,Попов
Андрій,Лисенко
Марія,Мельник
Марія,Захарченко
Олександр,Кравченко
Олена,Ковальчук
Андрій,Кравченко
Марія,Шевченко
Іван,Попов
Дмитро,Ткаченко
Ірина,Ткаченко
Андрій,Попов
Іван,Ткаченко
Олена,Ткаченко
Олена,Захарченко
Анна,Захарченко
Сергій,Ковальчук
Іван,Сидоренко
Андрій,Сидоренко
Марія,Кравченко
Дмитро,Бондаренко
Наталія,Бондаренко
Іван,Ковальчук
Олена,Кравченко
Андрій,Сидоренко
Андрій,Бондаренко
Сергій,Мельник
Анна,Шевченко
Олена,Бондаренко
Ірина,Кравченко
Марія,Сидоренко
Олександр,Сидоренко
Іван,Бондаренко
Олена,Кравченко
Ірина,Кравченко
Сергій,Бондаренко
Сергій,Сидоренко
Дмитро,Лисенко
Олександр,Шевченко
Дмитро,Кравченко
Наталія,Ткаченко
Анна,Бондаренко
Олена,Сидоренко
Сергій,Бондаренко
Марія,Шевченко
Олена,Бондаренко
Олександр,Ковальчук
Олена,Сидоренко
Дмитро,Лисенко
Андрій,Шевченко
Сергій,Попов
Андрій,Шевченко
Анна,Шевченко
Сергій,Лисенко
Дмитро,Сидоренко
Олександр,Попов
Сергій,Бондаренко
Іван,Захарченко
Олександр,Ткаченко
Марія,Лисенко
Наталія,Шевченко
Олена,Лисенко
Олександр,Шевченко
Іван,Сидоренко
Дмитро,Кравченко
Анна,Мельник
Ірина,Ткаченко
Іван,Кравченко
Іван,Лисенко
Наталія,Сидоренко
Дмитро,Бондаренко
Дмитро,Лисенко
Сергій,Шевченко
Андрій,Шевченко
Ірина,Мельник
Дмитро,Сидоренко
Сергій,Ткаченко
Ірина,Сидоренко
Анна,Лисенко
Дмитро,Захарченко
Анна,Шевченко
Андрій,Сидоренко
Марія,Лисенко
Олена,Мельник
Марія,Ковальчук
Сергій,Ткаченко
Сергій,Захарченко
Анна,Кравченко
Олена,Захарченко
Олена,Кравченко
Олена,Кравченко
Олександр,Ковальчук
Ірина,Бондаренко
Анна,Захарченко
Андрій,Сидоренко
Олена,Попов
Дмитро,Шевченко
Ірина,Захарченко
Олена,Сидоренко
Наталія,Ковальчук
Сергій,Кравченко
Анна,Сидоренко
Наталія,Ковальчук
Марія,Лисенко
Марія,Шевченко
Наталія,Захарченко
Дмитро,Бондаренко
Олександр,Ковальчук
Сергій,Шевченко
Наталія,Попов
Сергій,Бондаренко
Марія,Шевченко
Сергій,Сидоренко
Олена,Лисенко
Андрій,Шевченко
Марія,Попов
Олександр,Захарченко
Ірина,Попов
Марія,Лисенко
Олена,Ковальчук
Сергій,Лисенко
Ірина,Ковальчук
Наталія,Попов
Олена,Ткаченко
Наталія,Попов
Дмитро,Сидоренко
Сергій,Ковальчук
Сергій,Мельник
Андрій,Ткаченко
Марія,Захарченко
Олександр,Попов
Анна,Мельник
Наталія,Кравченко
Наталія,Лисенко
Ірина,Кравченко
Олена,Шевченко
Дмитро,Шевченко
Андрій,Ковальчук
Олена,Кравченко
Дмитро,Захарченко
Олександр,Лисенко
Марія,Бондаренко
Іван,Кравченко
Андрій,Ковальчук
Олена,Попов
Андрій,Мельник
Сергій,Сидоренко
Дмитро,Мельник
Ірина,Мельник
Ірина,Ткаченко
Ірина,Шевченко
Ірина,Ткаченко
Анна,Попов
Анна,Попов
Андрій,Мельник
Дмитро,Попов
Андрій,Шевченко
Олександр,Мельник
Наталія,Ткаченко
Дмитро,Сидоренко
Ірина,Сидоренко
Іван,Лисенко
Сергій,Кравченко
Олександр,Мельник
Олена,Ткаченко
Іван,Лисенко
Олександр,Захарченко
Анна,Бондаренко
Наталія,Ковальчук
Олена,Попов
Ірина,Сидоренко
Ірина,Ковальчук
Ірина,Кравченко
Ірина,Попов
Іван,Мельник
Марія,Ткаченко
Сергій,Кравченко
Іван,Лисенко
Ірина,Ткаченко
Марія,Сидоренко
Дмитро,Мельник
Наталія,Сидоренко
Наталія,Захарченко
Андрій,Мельник
Ірина,Мельник
Іван,Лисенко
Анна,Ковальчук
Андрій,Лисенко
Сергій,Захарченко
Ірина,Шевченко
Іван,Попов
Олена,Шевченко
Олександр,Лисенко
Олександр,Шевченко
Олександр,Попов
Олена,Захарченко
Дмитро,Бондаренко
Олександр,Ткаченко
Наталія,Лисенко
Анна,Шевченко
Марія,Сидоренко
Наталія,Попов
Марія,Бондаренко
Анна,Кравченко
Олена,Мельник
Андрій,Лисенко
Андрій,Попов
Анна,Захарченко
Наталія,Мельник
Дмитро,Бондаренко
Олена,Лисенко
Олександр,Лисенко
Олександр,Лисенко
Андрій,Захарченко
Олександр,Захарченко
Марія,Ткаченко
Сергій,Попов
Сергій,Мельник
Сергій,Ковальчук
Наталія,Попов
Олена,Бондаренко
Іван,Шевченко
Марія,Попов
Андрій,Лисенко
Марія,Мельник
Марія,Ткаченко
Андрій,Лисенко
Сергій,Мельник
Іван,Ковальчук
Олександр,Ткаченко
Наталія,Кравченко
Анна,Бондаренко
Дмитро,Захарченко
Олена,Сидоренко
Дмитро,Кравченко
Наталія,Ковальчук
Наталія,Сидоренко
Дмитро,Ковальчук
Наталія,Лисенко
Марія,Ткаченко
Дмитро,Кравченко
Олена,Попов
Дмитро,Бондаренко
Ірина,Ткаченко
Марія,Попов
Сергій,Бондаренко
Ірина,Ткаченко
Андрій,Лисенко
Олександр,Лисенко
Олена,Попов
Анна,Шевченко
Іван,Лисенко
Олександр,Попов
Олександр,Мельник
Іван,Бондаренко
Дмитро,Лисенко
Сергій,Захарченко
Дмитро,Кравченко
Олександр,Сидоренко
Іван,Ковальчук
Наталія,Шевченко
Ірина,Бондаренко
Наталія,Кравченко
Дмитро,Ткаченко
Іван,Лисенко
Ірина,Шевченко
Андрій,Сидоренко
Андрій,Кравченко
Олена,Попов
Сергій,Бондаренко
Сергій,Мельник
Іван,Бондаренко
Олександр,Захарченко
Марія,Кравченко
Олександр,Захарченко
Дмитро,Захарченко
Олександр,Ткаченко
Марія,Бондаренко
Марія,Ткаченко
Дмитро,Лисенко
Сергій,Кравченко
Андрій,Захарченко
Андрій,Кравченко
Анна,Мельник
Дмитро,Кравченко
Дмитро,Лисенко
Наталія,Попов
Анна,Шевченко
Олена,Кравченко
Олена,Ткаченко
Іван,Сидоренко
Наталія,Ковальчук
Іван,Бондаренко
Олександр,Шевченко
Андрій,Кравченко
Дмитро,Захарченко
Марія,Сидоренко
Олена,Кравченко
Анна,Ковальчук
Анна,Мельник
Олена,Захарченко
Іван,Кравченко
Олена,Лисенко
Олена,Сидоренко
Андрій,Шевченко
Іван,Ткаченко
Дмитро,Бондаренко
Сергій,Мельник
Дмитро,Бондаренко
Дмитро,Шевченко
Іван,Ткаченко
Марія,Бондаренко
Олександр,Сидоренко
Іван,Мельник
Наталія,Ткаченко
Ірина,Ковальчук
Ірина,Кравченко
Іван,Ткаченко
Олександр,Лисенко
Іван,Мельник
Іван,Ткаченко
Анна,Ткаченко
Іван,Кравченко
Іван,Мельник
Олена,Ткаченко
Ірина,Мельник
Ірина,Захарченко
Іван,Попов
Іван,Ковальчук
Сергій,Попов
Сергій,Бондаренко
Дмитро,Шевченко
Сергій,Ковальчук
Іван,Сидоренко
Сергій,Лисенко
Олександр,Кравченко
Наталія,Ткаченко
Ірина,Мельник
Наталія,Кравченко
Ірина,Захарченко
Анна,Попов
Іван,Шевченко
Анна,Сидоренко
Сергій,Ковальчук
Марія,Сидоренко
Марія,Мельник
Ірина,Кравченко
Іван,Сидоренко
Андрій,Лисенко
Наталія,Сидоренко
Андрій,Ткаченко
Андрій,Ткаченко
Наталія,Мельник
Іван,Лисенко
Андрій,Шевченко
Марія,Бондаренко
Іван,Лисенко
Олександр,Кравченко
Дмитро,Шевченко
Олександр,Шевченко
Наталія,Кравченко
Олександр,Попов
Марія,Ткаченко
Андрій,Ковальчук
Іван,Кравченко
Марія,Шевченко
Наталія,Сидоренко
Дмитро,Лисенко
Марія,Ткаченко
Олена,Сидоренко
Андрій,Кравченко
Ірина,Сидоренко
Марія,Попов
Наталія,Кравченко
Іван,Бондаренко
Іван,Шевченко
Олена,Ковальчук
Іван,Попов
Олена,Шевченко
Анна,Кравченко
Олександр,Бондаренко
Ірина,Мельник
Анна,Сидоренко
Наталія,Лисенко
Марія,Ковальчук
Марія,Ковальчук
Олена,Шевченко
Іван,Сидоренко
Андрій,Ковальчук
Іван,Кравченко
Сергій,Бондаренко
Ірина,Мельник
Іван,Шевченко
Андрій,Кравченко
Дмитро,Захарченко
Наталія,Кравченко
Наталія,Мельник
Андрій,Ткаченко
Сергій,Шевченко
Ірина,Ковальчук
Анна,Ковальчук
Іван,Мельник
Ірина,Захарченко
Андрій,Захарченко
Дмитро,Сидоренко
Андрій,Шевченко
Сергій,Кравченко
Ірина,Ковальчук
Олена,Сидоренко
Сергій,Сидоренко
Сергій,Лисенко
Анна,Ткаченко
Іван,Лисенко
Наталія,Мельник
Іван,Бондаренко
Олександр,Шевченко
Дмитро,Ковальчук
Андрій,Лисенко
Дмитро,Попов
Марія,Лисенко
Олена,Мельник
Марія,Ковальчук
Марія,Лисенко
Марія,Попов
Ірина,Захарченко
Олена,Мельник
Ірина,Шевченко
Анна,Мельник
Анна,Попов
Андрій,Шевченко
Сергій,Мельник
Дмитро,Лисенко
Іван,Захарченко
Андрій,Захарченко
Дмитро,Мельник
Олександр,Лисенко
Олександр,Шевченко
Наталія,Бондаренко
Олена,Попов
Анна,Шевченко
Олена,Мельник
Марія,Ткаченко
Дмитро,Ткаченко
Сергій,Кравченко
Олена,Мельник
Анна,Захарченко
Олена,Кравченко
Андрій,Захарченко
Сергій,Попов
Олена,Попов
Анна,Мельник
Андрій,Лисенко
Дмитро,Бондаренко
Ірина,Ковальчук
Наталія,Попов
Олена,Кравченко
Марія,Лисенко
Іван,Захарченко
Дмитро,Ткаченко
Сергій,Ткаченко
Анна,Бондаренко
Наталія,Ковальчук
Марія,Кравченко
Іван,Ткаченко
Іван,Ковальчук
Олена,Ткаченко
Олена,Шевченко
Марія,Мельник
Марія,Попов
Сергій,Ковальчук
Олена,Шевченко
Сергій,Бондаренко
Олександр,Захарченко
Наталія,Лисенко
Олександр,Бондаренко
Ірина,Сидоренко
Дмитро,Шевченко
Олександр,Шевченко
Іван,Ковальчук
Іван,Ткаченко
Олена,Ковальчук
Ірина,Ковальчук
Дмитро,Шевченко
Олександр,Захарченко
Ірина,Мельник
Марія,Мельник
Іван,Мельник
Олександр,Кравченко
Ірина,Попов
Ірина,Мельник
Олександр,Ковальчук
Ірина,Бондаренко
Ірина,Ткаченко
Олександр,Лисенко
Дмитро,Бондаренко
Наталія,Бондаренко
Ірина,Попов
Сергій,Бондаренко
Дмитро,Сидоренко
Марія,Попов
Іван,Ковальчук
Дмитро,Лисенко
Олена,Захарченко
Дмитро,Ткаченко
Іван,Ковальчук
Дмитро,Кравченко
Андрій,Шевченко
Андрій,Попов
Марія,Шевченко
Олена,Ковальчук
Іван,Сидоренко
Олександр,Попов
Сергій,Бондаренко
Дмитро,Ткаченко
Ірина,Мельник
Олександр,Ткаченко
Олена,Ткаченко
Олена,Шевченко
Олена,Мельник
Ірина,Лисенко
Наталія,Захарченко
Наталія,Лисенко
Олександр,Шевченко
Андрій,Кравченко
Анна,Лисенко
Анна,Кравченко
Олена,Шевченко
Анна,Кравченко
Олена,Мельник
Дмитро,Ковальчук
Іван,Лисенко
Марія,Бондаренко
Олена,Бондаренко
Іван,Ткаченко
Ірина,Лисенко
Ірина,Ковальчук
Ірина,Шевченко
Анна,Лисенко
Марія,Бондаренко
Ірина,Бондаренко
Олександр,Сидоренко
Олександр,Ткаченко
Анна,Ткаченко
Дмитро,Кравченко
Наталія,Мельник
Олена,Шевченко
Сергій,Попов
Андрій,Ткаченко
Дмитро,Ковальчук
Олена,Шевченко
Олександр,Ковальчук
Ірина,Сидоренко
Наталія,Ковальчук
Ірина,Шевченко
Ірина,Бондаренко
Андрій,Захарченко
Іван,Шевченко
Олександр,Шевченко
Ірина,Захарченко
Наталія,Ткаченко
Андрій,Сидоренко
Дмитро,Захарченко
Анна,Бондаренко
Марія,Лисенко
Іван,Кравченко
Анна,Шевченко
Ірина,Сидоренко
Олена,Мельник
Андрій,Лисенко
Марія,Лисенко
Марія,Ткаченко
Олена,Кравченко
Дмитро,Бондаренко
Андрій,Мельник
Іван,Ткаченко
Дмитро,Захарченко
Сергій,Ткаченко
Дмитро,Лисенко
Сергій,Попов
Андрій,Ковальчук
Анна,Шевченко
Іван,Шевченко
Олександр,Лисенко
Дмитро,Шевченко
Іван,Ковальчук
Олександр,Попов
Андрій,Мельник
Дмитро,Ткаченко
Андрій,Ткаченко
Анна,Мельник
Іван,Мельник
Ірина,Шевченко
Іван,Сидоренко
Марія,Шевченко
Наталія,Ткаченко
Сергій,Сидоренко
Олександр,Мельник
Сергій,Ковальчук
Сергій,Попов
Ірина,Ткаченко
Марія,Лисенко
Анна,Лисенко
Ірина,Ковальчук
Ірина,Кравченко
Олена,Сидоренко
Іван,Сидоренко
Сергій,Сидоренко
Олена,Шевченко
Дмитро,Захарченко
Іван,Шевченко
Іван,Сидоренко
Олександр,Сидоренко
Олена,Лисенко
Анна,Кравченко
Наталія,Сидоренко
Наталія,Ковальчук
Марія,Лисенко
Андрій,Сидоренко
Олександр,Шевченко
Андрій,Мельник
Марія,Захарченко
Іван,Сидоренко
Сергій,Кравченко
Ірина,Шевченко
Іван,Ковальчук
Ірина,Кравченко
Іван,Сидоренко
Наталія,Захарченко
Іван,Лисенко
Наталія,Кравченко
Іван,Мельник
Олександр,Ковальчук
Наталія,Лисенко
Андрій,Попов
Анна,Попов
Ірина,Ткаченко
Ірина,Захарченко
Наталія,Сидоренко
Ірина,Кравченко
Дмитро,Попов
Олександр,Захарченко
Марія,Ковальчук
Іван,Захарченко
Анна,Лисенко
Олександр,Бондаренко
Олександр,Попов
Дмитро,Сидоренко
Дмитро,Ковальчук
Ірина,Ткаченко
Олена,Кравченко
Олександр,Кравченко
Анна,Попов
Олександр,Ковальчук
Анна,Захарченко
Сергій,Шевченко
Іван,Шевченко
Наталія,Захарченко
Ірина,Кравченко
Олена,Попов
Ірина,Кравченко
Ірина,Захарченко
Ірина,Ковальчук
Сергій,Ковальчук
Наталія,Мельник
Анна,Кравченко
Олександр,Мельник
Іван,Попов
Наталія,Мельник
Сергій,Шевченко
Андрій,Шевченко
Ірина,Лисенко
Анна,Мельник
Олена,Бондаренко
Олена,Захарченко
Сергій,Ковальчук
Олена,Шевченко
Марія,Ковальчук
Сергій,Бондаренко
Сергій,Попов
Олена,Ковальчук
Наталія,Мельник
Олена,Ковальчук
Олена,Захарченко
Олександр,Попов
Дмитро,Сидоренко
Сергій,Кравченко
Сергій,Захарченко
Ірина,Кравченко
Анна,Сидоренко
Марія,Попов
Наталія,Сидоренко
Дмитро,Ковальчук
Олена,Сидоренко
Наталія,Ковальчук
Олена,Бондаренко
Дмитро,Бондаренко
Наталія,Попов
Марія,Попов
Іван,Лисенко
Андрій,Бондаренко
Андрій,Ковальчук
Марія,Ковальчук
Дмитро,Ковальчук
Сергій,Попов
Дмитро,Мельник
Наталія,Кравченко
Андрій,Шевченко
Олена,Захарченко
Андрій,Кравченко
Олександр,Мельник
Марія,Кравченко
Олександр,Мельник
Наталія,Попов
Ірина,Шевченко
Ірина,Шевченко
Ірина,Лисенко
Анна,Лисенко
Ірина,Шевченко
Сергій,Захарченко
Олександр,Захарченко
Іван,Сидоренко
Дмитро,Захарченко
Андрій,Мельник
Наталія,Шевченко
Дмитро,Лисенко
Олена,Лисенко
Олена,Кравченко
Анна,Ковальчук
Олена,Бондаренко
Марія,Шевченко
Андрій,Сидоренко
Сергій,Попов
Ірина,Бондаренко
Наталія,Лисенко
Олександр,Кравченко
Сергій,Ткаченко
Іван,Шевченко
Олена,Мельник
Ірина,Шевченко
Дмитро,Ткаченко
Іван,Кравченко
Анна,Захарченко
Ірина,Попов
Андрій,Попов
Марія,Шевченко
Марія,Бондаренко
Наталія,Бондаренко
Сергій,Кравченко
Наталія,Ковальчук
Олександр,Ковальчук
Олена,Сидоренко
Марія,Кравченко
Олена,Бондаренко
Олександр,Шевченко
Олена,Шевченко
Іван,Мельник
Сергій,Попов
Наталія,Бондаренко
Андрій,Попов
Анна,Сидоренко
Андрій,Ковальчук
Андрій,Кравченко
Олександр,Шевченко
Наталія,Ткаченко
Олександр,Лисенко
Наталія,Мельник
Олена,Бондаренко
Олена,Бондаренко
Іван,Мельник
Іван,Попов
Ірина,Кравченко
Анна,Шевченко
Наталія,Ткаченко
Олександр,Ковальчук
Андрій,Лисенко
Анна,Лисенко
Олександр,Мельник
Анна,Кравченко
Марія,Захарченко
Дмитро,Ковальчук
Іван,Попов
Олена,Кравченко
Іван,Захарченко
Наталія,Сидоренко
Андрій,Захарченко
Сергій,Лисенко
Наталія,Лисенко
Марія,Мельник
Іван,Сидоренко
Олександр,Сидоренко
Олена,Кравченко
Ірина,Сидоренко
Олександр,Ковальчук
Дмитро,Ковальчук
Ірина,Шевченко
Наталія,Сидоренко
Сергій,Ковальчук
Олена,Сидоренко
Андрій,Ковальчук
Іван,Кравченко
Олександр,Сидоренко
Олена,Ковальчук
Анна,Ковальчук
Анна,Ткаченко
Олександр,Ткаченко
Сергій,Сидоренко
Ірина,Бондаренко
Сергій,Попов
Андрій,Шевченко
Сергій,Кравченко
Марія,Кравченко
Іван,Ткаченко
Анна,Ткаченко
Марія,Захарченко
Олена,Бондаренко
Сергій,Бондаренко
Наталія,Кравченко
Марія,Лисенко
Олена,Захарченко
Дмитро,Ткаченко
Андрій,Сидоренко
Ірина,Захарченко
Дмитро,Ткаченко
Андрій,Кравченко
Марія,Шевченко
Дмитро,Мельник
Анна,Лисенко
Андрій,Сидоренко
Анна,Сидоренко
Марія,Ткаченко
Анна,Лисенко
Ірина,Ковальчук
Олександр,Лисенко
Сергій,Шевченко
Іван,Шевченко
Олександр,Захарченко
Сергій,Кравченко
Наталія,Попов
Марія,Сидоренко
Наталія,Мельник
Анна,Попов
Сергій,Ткаченко
Анна,Бондаренко
Анна,Мельник
Наталія,Лисенко
Наталія,Лисенко
Марія,Попов
Дмитро,Ковальчук
Олександр,Лисенко
Олена,Попов
Марія,Сидоренко
Дмитро,Кравченко
Ірина,Ткаченко
Сергій,Шевченко
Андрій,Захарченко
Іван,Сидоренко
Сергій,Сидоренко
Сергій,Ковальчук
Марія,Ковальчук
Сергій,Лисенко
Наталія,Ковальчук
Марія,Кравченко
Марія,Сидоренко
Олександр,Лисенко
Олена,Сидоренко
Іван,Бондаренко
Олександр,Мельник
Дмитро,Бондаренко
Марія,Сидоренко
Анна,Захарченко
Іван,Шевченко
Ірина,Кравченко
Олена,Сидоренко
Наталія,Бондаренко
Олександр,Попов
Олександр,Бондаренко
Марія,Сидоренко
Олена,Кравченко
Андрій,Ткаченко
Олена,Сидоренко
Дмитро,Мельник
Сергій,Кравченко
Наталія,Попов
Анна,Ковальчук
Андрій,Шевченко
Іван,Шевченко
Олександр,Бондаренко
Ірина,Сидоренко
Андрій,Сидоренко
Анна,Ковальчук
Наталія,Сидоренко
Ірина,Бондаренко
Олександр,Захарченко
Сергій,Кравченко
Анна,Сидоренко
Олена,Лисенко
Анна,Попов
Марія,Попов
Олена,Бондаренко
Іван,Мельник
Сергій,Попов
Марія,Сидоренко
Андрій,Сидоренко
Наталія,Бондаренко
Іван,Захарченко
Олена,Лисенко
Анна,Мельник
Анна,Захарченко
Марія,Мельник
Дмитро,Ковальчук
Сергій,Мельник
Олена,Ткаченко
Олена,Захарченко
Марія,Мельник
Іван,Сидоренко
Дмитро,Кравченко
Марія,Ковальчук
Ірина,Шевченко
Дмитро,Попов
Наталія,Захарченко
Ірина,Ковальчук
Олександр,Шевченко
Андрій,Мельник
Олена,Кравченко
Дмитро,Мельник
Олександр,Ткаченко
Марія,Лисенко
Ірина,Шевченко
Марія,Бондаренко
Сергій,Кравченко
